院校名称,有数据的年份,缺失的年份,缺失年数
安徽新闻出版职业技术学院,2022,2021、2023、2024,3
北京电子科技学院,2022,2021、2023、2024,3
北京邮电大学世纪学院,2024,2021、2022、2023,3
昌吉学院,2024,2021、2022、2023,3
重庆电子科技职业大学,2024,2021、2022、2023,3
重庆工程学院,2024,2021、2022、2023,3
重庆文理学院,2024,2021、2022、2023,3
重庆中医药学院,2024,2021、2022、2023,3
福州理工学院,2024,2021、2022、2023,3
抚州幼儿师范高等专科学校,2022,2021、2023、2024,3
广东青年职业学院,2021,2022、2023、2024,3
广东轻工职业技术大学,2024,2021、2022、2023,3
广东舞蹈戏剧职业学院,2022,2021、2023、2024,3
广西蓝天航空职业学院,2021,2022、2023、2024,3
贵州电子信息职业技术学院,2021,2022、2023、2024,3
贵州黔南科技学院,2021,2022、2023、2024,3
国际关系学院,2022,2021、2023、2024,3
哈尔滨金融学院,2024,2021、2022、2023,3
海军工程大学,2022,2021、2023、2024,3
海军航空大学,2022,2021、2023、2024,3
海南医科大学西英格兰学院,2023,2021、2022、2024,3
邯郸职业技术学院,2021,2022、2023、2024,3
河北传媒学院,2024,2021、2022、2023,3
河北工业职业技术大学,2021,2022、2023、2024,3
河北能源职业技术学院,2021,2022、2023、2024,3
河南开封科技传媒学院,2024,2021、2022、2023,3
河南科技学院,2024,2021、2022、2023,3
黑龙江农业职业技术学院,2022,2021、2023、2024,3
黑龙江生态工程职业学院,2022,2021、2023、2024,3
黑龙江生物科技职业学院,2021,2022、2023、2024,3
湖北美术学院,2024,2021、2022、2023,3
湖南工商职业学院,2022,2021、2023、2024,3
惠州工程职业学院,2022,2021、2023、2024,3
火箭军工程大学,2022,2021、2023、2024,3
吉利学院,2024,2021、2022、2023,3
江苏海洋大学,2024,2021、2022、2023,3
江苏航运职业技术学院,2021,2022、2023、2024,3
江苏商贸职业学院,2022,2021、2023、2024,3
江西飞行学院,2024,2021、2022、2023,3
江西卫生职业学院,2021,2022、2023、2024,3
江西婺源茶业职业学院,2022,2021、2023、2024,3
江西艺术职业学院,2021,2022、2023、2024,3
金山职业技术学院,2022,2021、2023、2024,3
景德镇陶瓷职业技术学院,2022,2021、2023、2024,3
景德镇学院,2023,2021、2022、2024,3
空军工程大学,2022,2021、2023、2024,3
空军航空大学,2022,2021、2023、2024,3
昆明卫生职业学院,2021,2022、2023、2024,3
六盘水幼儿师范高等专科学校,2022,2021、2023、2024,3
陆军军事交通学院,2022,2021、2023、2024,3
陆军勤务学院,2022,2021、2023、2024,3
陆军装甲兵学院,2022,2021、2023、2024,3
南京传媒学院,2024,2021、2022、2023,3
南通师范高等专科学校,2022,2021、2023、2024,3
黔南民族师范学院,2021,2022、2023、2024,3
青岛电影学院,2024,2021、2022、2023,3
青岛求实职业技术学院,2022,2021、2023、2024,3
青海民族大学,2024,2021、2022、2023,3
三亚中瑞酒店管理职业学院,2022,2021、2023、2024,3
山东艺术学院,2024,2021、2022、2023,3
上海立达学院,2024,2021、2022、2023,3
上饶幼儿师范高等专科学校,2022,2021、2023、2024,3
深圳理工大学,2024,2021、2022、2023,3
四川工程职业技术大学,2024,2021、2022、2023,3
四川工商学院,2021,2022、2023、2024,3
四川卫生康复职业学院,2022,2021、2023、2024,3
四川文化产业职业学院,2022,2021、2023、2024,3
四川文化艺术学院,2024,2021、2022、2023,3
苏州高博软件技术职业学院,2022,2021、2023、2024,3
苏州经贸职业技术学院,2021,2022、2023、2024,3
苏州科技大学天平学院,2021,2022、2023、2024,3
太原幼儿师范高等专科学校,2022,2021、2023、2024,3
天津公安警官职业学院,2022,2021、2023、2024,3
天津美术学院,2024,2021、2022、2023,3
铁道警察学院,2022,2021、2023、2024,3
外交学院,2022,2021、2023、2024,3
乌海职业技术学院,2022,2021、2023、2024,3
无锡科技职业学院,2021,2022、2023、2024,3
无锡职业技术学院,2021,2022、2023、2024,3
武昌工学院,2024,2021、2022、2023,3
武汉工程科技学院,2021,2022、2023、2024,3
武警工程大学,2022,2021、2023、2024,3
武警海警学院,2022,2021、2023、2024,3
武夷山职业学院,2022,2021、2023、2024,3
西安铁路职业技术学院,2022,2021、2023、2024,3
香港城市大学,2022,2021、2023、2024,3
香港城市大学（东莞）,2024,2021、2022、2023,3
香港中文大学,2022,2021、2023、2024,3
香港中文大学（深圳）,2022,2021、2023、2024,3
潇湘职业学院,2022,2021、2023、2024,3
新疆和田学院,2024,2021、2022、2023,3
新疆科技学院,2024,2021、2022、2023,3
新疆艺术学院,2024,2021、2022、2023,3
新乡学院,2024,2021、2022、2023,3
信阳师范学院,2021,2022、2023、2024,3
徐州工业职业技术学院,2021,2022、2023、2024,3
燕山大学里仁学院,2021,2022、2023、2024,3
宜春幼儿师范高等专科学校,2022,2021、2023、2024,3
营口职业技术学院,2022,2021、2023、2024,3
云南理工职业学院,2022,2021、2023、2024,3
枣庄职业学院,2021,2022、2023、2024,3
长春建筑学院,2021,2022、2023、2024,3
长春健康职业学院,2022,2021、2023、2024,3
长春汽车职业技术大学,2024,2021、2022、2023,3
长沙工业学院,2023,2021、2022、2024,3
长沙南方职业学院,2021,2022、2023、2024,3
肇庆医学院,2024,2021、2022、2023,3
浙江建设职业技术学院,2021,2022、2023、2024,3
中国人民解放军国防科技大学,2022,2021、2023、2024,3
中国人民解放军海军大连舰艇学院,2022,2021、2023、2024,3
中国人民解放军空军军医大学,2022,2021、2023、2024,3
中国人民解放军陆军特种作战学院,2022,2021、2023、2024,3
中国人民解放军战略支援部队航天工程大学,2022,2021、2023、2024,3
中国人民解放军战略支援部队信息工程大学,2022,2021、2023、2024,3
中国人民武装警察部队警官学院,2022,2021、2023、2024,3
中国人民武装警察部队特种警察学院,2022,2021、2023、2024,3
中国消防救援学院,2022,2021、2023、2024,3
中国刑事警察学院,2022,2021、2023、2024,3
中国音乐学院,2024,2021、2022、2023,3
中南林业科技大学涉外学院,2024,2021、2022、2023,3
中央司法警官学院,2022,2021、2023、2024,3
安徽电气工程职业技术学院,2021、2022,2023、2024,2
安徽粮食工程职业学院,2021、2022,2023、2024,2
安徽医学高等专科学校,2021、2022,2023、2024,2
安阳职业技术学院,2021、2022,2023、2024,2
巴中职业技术学院,2021、2022,2023、2024,2
保险职业学院,2021、2022,2023、2024,2
北海职业学院,2021、2022,2023、2024,2
北京培黎职业学院,2021、2022,2023、2024,2
北京社会管理职业学院,2021、2022,2023、2024,2
滨州学院,2021、2022,2023、2024,2
渤海船舶职业学院,2021、2022,2023、2024,2
常德职业技术学院,2021、2022,2023、2024,2
常州工程职业技术学院,2021、2022,2023、2024,2
常州工业职业技术学院,2021、2022,2023、2024,2
常州信息职业技术学院,2021、2022,2023、2024,2
潮汕职业技术学院,2021、2022,2023、2024,2
郴州职业技术学院,2021、2022,2023、2024,2
成都工业学院,2023、2024,2021、2022,2
成都航空职业技术学院,2021、2022,2023、2024,2
成都外国语学院,2023、2024,2021、2022,2
承德应用技术职业学院,2021、2022,2023、2024,2
重庆财经职业学院,2021、2022,2023、2024,2
重庆城市管理职业学院,2021、2022,2023、2024,2
重庆电力高等专科学校,2021、2022,2023、2024,2
重庆电子工程职业学院,2021、2022,2023、2024,2
重庆工程职业技术学院,2021、2022,2023、2024,2
重庆工商职业学院,2021、2022,2023、2024,2
重庆航天职业技术学院,2021、2022,2023、2024,2
重庆科技大学,2023、2024,2021、2022,2
重庆科技学院,2021、2022,2023、2024,2
重庆三峡学院,2023、2024,2021、2022,2
重庆三峡医药高等专科学校,2021、2022,2023、2024,2
重庆水利电力职业技术学院,2021、2022,2023、2024,2
重庆信息技术职业学院,2021、2022,2023、2024,2
重庆幼儿师范高等专科学校,2021、2022,2023、2024,2
楚雄医药高等专科学校,2021、2022,2023、2024,2
大连职业技术学院,2021、2022,2023、2024,2
大庆医学高等专科学校,2021、2022,2023、2024,2
大庆职业学院,2021、2022,2023、2024,2
滇池学院,2023、2024,2021、2022,2
东莞职业技术学院,2021、2022,2023、2024,2
鄂州职业大学,2021、2022,2023、2024,2
恩施职业技术学院,2021、2022,2023、2024,2
佛山大学,2023、2024,2021、2022,2
佛山科学技术学院,2021、2022,2023、2024,2
佛山职业技术学院,2021、2022,2023、2024,2
福建船政交通职业学院,2021、2022,2023、2024,2
福建电力职业技术学院,2021、2022,2023、2024,2
福建工程学院,2021、2022,2023、2024,2
福建理工大学,2023、2024,2021、2022,2
福建水利电力职业技术学院,2021、2022,2023、2024,2
福州墨尔本理工职业学院,2021、2022,2023、2024,2
福州软件职业技术学院,2021、2022,2023、2024,2
抚顺职业技术学院,2021、2022,2023、2024,2
抚州职业技术学院,2021、2022,2023、2024,2
甘肃工业职业技术学院,2021、2022,2023、2024,2
赣南卫生健康职业学院,2021、2022,2023、2024,2
赣南医科大学,2023、2024,2021、2022,2
赣南医学院,2021、2022,2023、2024,2
赣州师范高等专科学校,2021、2022,2023、2024,2
赣州职业技术学院,2021、2022,2023、2024,2
广东碧桂园职业学院,2021、2022,2023、2024,2
广东财贸职业学院,2021、2022,2023、2024,2
广东潮州卫生健康职业学院,2021、2022,2023、2024,2
广东创新科技职业学院,2021、2022,2023、2024,2
广东工程职业技术学院,2021、2022,2023、2024,2
广东工贸职业技术学院,2021、2022,2023、2024,2
广东环境保护工程职业学院,2021、2022,2023、2024,2
广东机电职业技术学院,2021、2022,2023、2024,2
广东建设职业技术学院,2021、2022,2023、2024,2
广东江门幼儿师范高等专科学校,2021、2022,2023、2024,2
广东江门中医药职业学院,2021、2022,2023、2024,2
广东交通职业技术学院,2021、2022,2023、2024,2
广东酒店管理职业技术学院,2021、2022,2023、2024,2
广东科贸职业学院,2021、2022,2023、2024,2
广东科学技术职业学院,2021、2022,2023、2024,2
广东理工职业学院,2021、2022,2023、2024,2
广东岭南职业技术学院,2021、2022,2023、2024,2
广东茂名健康职业学院,2021、2022,2023、2024,2
广东茂名农林科技职业学院,2021、2022,2023、2024,2
广东茂名幼儿师范专科学校,2021、2022,2023、2024,2
广东梅州职业技术学院,2021、2022,2023、2024,2
广东南方职业学院,2021、2022,2023、2024,2
广东南华工商职业学院,2021、2022,2023、2024,2
广东农工商职业技术学院,2021、2022,2023、2024,2
广东女子职业技术学院,2021、2022,2023、2024,2
广东轻工职业技术学院,2021、2022,2023、2024,2
广东汕头幼儿师范高等专科学校,2021、2022,2023、2024,2
广东生态工程职业学院,2021、2022,2023、2024,2
广东省外语艺术职业学院,2021、2022,2023、2024,2
广东食品药品职业学院,2021、2022,2023、2024,2
广东水利电力职业技术学院,2021、2022,2023、2024,2
广东司法警官职业学院,2021、2022,2023、2024,2
广东松山职业技术学院,2021、2022,2023、2024,2
广东体育职业技术学院,2021、2022,2023、2024,2
广东文理职业学院,2021、2022,2023、2024,2
广东文艺职业学院,2021、2022,2023、2024,2
广东新安职业技术学院,2021、2022,2023、2024,2
广东信息工程职业学院,2021、2022,2023、2024,2
广东行政职业学院,2021、2022,2023、2024,2
广东亚视演艺职业学院,2021、2022,2023、2024,2
广东邮电职业技术学院,2021、2022,2023、2024,2
广东云浮中医药职业学院,2021、2022,2023、2024,2
广东肇庆航空职业学院,2021、2022,2023、2024,2
广东职业技术学院,2021、2022,2023、2024,2
广西电力职业技术学院,2021、2022,2023、2024,2
广西工程职业学院,2021、2022,2023、2024,2
广西工业职业技术学院,2021、2022,2023、2024,2
广西国际商务职业技术学院,2021、2022,2023、2024,2
广西机电职业技术学院,2021、2022,2023、2024,2
广西建设职业技术学院,2021、2022,2023、2024,2
广西交通职业技术学院,2021、2022,2023、2024,2
广西金融职业技术学院,2021、2022,2023、2024,2
广西经济职业学院,2021、2022,2023、2024,2
广西理工职业技术学院,2021、2022,2023、2024,2
广西培贤国际职业学院,2021、2022,2023、2024,2
广西生态工程职业技术学院,2021、2022,2023、2024,2
广西水利电力职业技术学院,2021、2022,2023、2024,2
广西卫生职业技术学院,2021、2022,2023、2024,2
广西物流职业技术学院,2021、2022,2023、2024,2
广西英华国际职业学院,2021、2022,2023、2024,2
广西幼儿师范高等专科学校,2021、2022,2023、2024,2
广西职业技术学院,2021、2022,2023、2024,2
广州城建职业学院,2021、2022,2023、2024,2
广州城市职业学院,2021、2022,2023、2024,2
广州东华职业学院,2021、2022,2023、2024,2
广州番禺职业技术学院,2021、2022,2023、2024,2
广州工程技术职业学院,2021、2022,2023、2024,2
广州华立科技职业学院,2021、2022,2023、2024,2
广州华南商贸职业学院,2021、2022,2023、2024,2
广州华商职业学院,2021、2022,2023、2024,2
广州华夏职业学院,2021、2022,2023、2024,2
广州康大职业技术学院,2021、2022,2023、2024,2
广州科技贸易职业学院,2021、2022,2023、2024,2
广州民航职业技术学院,2021、2022,2023、2024,2
广州南洋理工职业学院,2021、2022,2023、2024,2
广州涉外经济职业技术学院,2021、2022,2023、2024,2
广州松田职业学院,2021、2022,2023、2024,2
广州体育职业技术学院,2021、2022,2023、2024,2
广州铁路职业技术学院,2021、2022,2023、2024,2
广州卫生职业技术学院,2021、2022,2023、2024,2
广州现代信息工程职业技术学院,2021、2022,2023、2024,2
广州幼儿师范高等专科学校,2021、2022,2023、2024,2
广州珠江职业技术学院,2021、2022,2023、2024,2
贵阳信息科技学院,2023、2024,2021、2022,2
贵州航天职业技术学院,2021、2022,2023、2024,2
贵州健康职业学院,2021、2022,2023、2024,2
贵州交通职业技术学院,2021、2022,2023、2024,2
贵州师范大学,2023、2024,2021、2022,2
贵州中医药大学时珍学院,2023、2024,2021、2022,2
桂林山水职业学院,2021、2022,2023、2024,2
桂林生命与健康职业技术学院,2021、2022,2023、2024,2
桂林师范高等专科学校,2021、2022,2023、2024,2
哈尔滨铁道职业技术学院,2021、2022,2023、2024,2
哈尔滨幼儿师范高等专科学校,2021、2022,2023、2024,2
哈尔滨职业技术学院,2021、2022,2023、2024,2
海南比勒费尔德应用科学大学,2023、2024,2021、2022,2
海南工商职业学院,2021、2022,2023、2024,2
海南经贸职业技术学院,2021、2022,2023、2024,2
海南软件职业技术学院,2021、2022,2023、2024,2
海南体育职业技术学院,2021、2022,2023、2024,2
海南外国语职业学院,2021、2022,2023、2024,2
海南卫生健康职业学院,2021、2022,2023、2024,2
海南医科大学,2023、2024,2021、2022,2
海南医学院,2021、2022,2023、2024,2
海南政法职业学院,2021、2022,2023、2024,2
海南职业技术学院,2021、2022,2023、2024,2
汉江师范学院,2021、2022,2023、2024,2
杭州职业技术学院,2021、2022,2023、2024,2
合肥大学,2023、2024,2021、2022,2
合肥学院,2021、2022,2023、2024,2
合肥幼儿师范高等专科学校,2021、2022,2023、2024,2
和田师范专科学校,2021、2022,2023、2024,2
河北轨道运输职业技术学院,2021、2022,2023、2024,2
河北化工医药职业技术学院,2021、2022,2023、2024,2
河北建材职业技术学院,2021、2022,2023、2024,2
河北交通职业技术学院,2021、2022,2023、2024,2
河北旅游职业学院,2021、2022,2023、2024,2
河北女子职业技术学院,2021、2022,2023、2024,2
河北软件职业技术学院,2021、2022,2023、2024,2
河北司法警官职业学院,2021、2022,2023、2024,2
河北中医学院,2021、2022,2023、2024,2
河北中医药大学,2023、2024,2021、2022,2
河南测绘职业学院,2021、2022,2023、2024,2
河南经贸职业学院,2021、2022,2023、2024,2
河南医学高等专科学校,2021、2022,2023、2024,2
河源职业技术学院,2021、2022,2023、2024,2
黑龙江护理高等专科学校,2021、2022,2023、2024,2
黑龙江建筑职业技术学院,2021、2022,2023、2024,2
黑龙江交通职业技术学院,2021、2022,2023、2024,2
黑龙江林业职业技术学院,2021、2022,2023、2024,2
黑龙江旅游职业技术学院,2021、2022,2023、2024,2
黑龙江农垦职业学院,2021、2022,2023、2024,2
黑龙江商业职业学院,2021、2022,2023、2024,2
黑龙江司法警官职业学院,2021、2022,2023、2024,2
黑龙江职业学院,2021、2022,2023、2024,2
湖北城市建设职业技术学院,2021、2022,2023、2024,2
湖北国土资源职业学院,2021、2022,2023、2024,2
湖北交通职业技术学院,2021、2022,2023、2024,2
湖北科技职业学院,2021、2022,2023、2024,2
湖北汽车工业学院科技学院,2021、2022,2023、2024,2
湖北轻工职业技术学院,2021、2022,2023、2024,2
湖北三峡职业技术学院,2021、2022,2023、2024,2
湖北生态工程职业技术学院,2021、2022,2023、2024,2
湖北生物科技职业学院,2021、2022,2023、2024,2
湖北水利水电职业技术学院,2021、2022,2023、2024,2
湖北铁道运输职业学院,2021、2022,2023、2024,2
湖北文理学院理工学院,2023、2024,2021、2022,2
湖北艺术职业学院,2021、2022,2023、2024,2
湖北职业技术学院,2021、2022,2023、2024,2
湖北中医药高等专科学校,2021、2022,2023、2024,2
湖南安全技术职业学院,2021、2022,2023、2024,2
湖南财经工业职业技术学院,2021、2022,2023、2024,2
湖南城建职业技术学院,2021、2022,2023、2024,2
湖南大众传媒职业技术学院,2021、2022,2023、2024,2
湖南高尔夫旅游职业学院,2021、2022,2023、2024,2
湖南高速铁路职业技术学院,2021、2022,2023、2024,2
湖南工程职业技术学院,2021、2022,2023、2024,2
湖南工业职业技术学院,2021、2022,2023、2024,2
湖南化工职业技术学院,2021、2022,2023、2024,2
湖南环境生物职业技术学院,2021、2022,2023、2024,2
湖南交通职业技术学院,2021、2022,2023、2024,2
湖南九嶷职业技术学院,2021、2022,2023、2024,2
湖南科技职业学院,2021、2022,2023、2024,2
湖南理工职业技术学院,2021、2022,2023、2024,2
湖南民族职业学院,2021、2022,2023、2024,2
湖南汽车工程职业学院,2021、2022,2023、2024,2
湖南软件职业技术大学,2021、2022,2023、2024,2
湖南商务职业技术学院,2021、2022,2023、2024,2
湖南生物机电职业技术学院,2021、2022,2023、2024,2
湖南师范大学树达学院,2021、2022,2023、2024,2
湖南石油化工职业技术学院,2021、2022,2023、2024,2
湖南食品药品职业学院,2021、2022,2023、2024,2
湖南水利水电职业技术学院,2021、2022,2023、2024,2
湖南司法警官职业学院,2021、2022,2023、2024,2
湖南体育职业学院,2021、2022,2023、2024,2
湖南铁道职业技术学院,2021、2022,2023、2024,2
湖南铁路科技职业技术学院,2021、2022,2023、2024,2
湖南外国语职业学院,2021、2022,2023、2024,2
湖南外贸职业学院,2021、2022,2023、2024,2
湖南网络工程职业学院,2021、2022,2023、2024,2
湖南现代物流职业技术学院,2021、2022,2023、2024,2
湖南信息学院,2021、2022,2023、2024,2
湖南信息职业技术学院,2021、2022,2023、2024,2
湖南邮电职业技术学院,2021、2022,2023、2024,2
湖南有色金属职业技术学院,2021、2022,2023、2024,2
湖南幼儿师范高等专科学校,2021、2022,2023、2024,2
湖南中医药高等专科学校,2021、2022,2023、2024,2
怀化职业技术学院,2021、2022,2023、2024,2
淮北职业技术学院,2021、2022,2023、2024,2
淮南联合大学,2021、2022,2023、2024,2
黄冈科技职业学院,2021、2022,2023、2024,2
惠州城市职业学院,2021、2022,2023、2024,2
惠州经济职业技术学院,2021、2022,2023、2024,2
惠州卫生职业技术学院,2021、2022,2023、2024,2
吉安职业技术学院,2021、2022,2023、2024,2
吉林农业大学,2023、2024,2021、2022,2
吉林司法警官职业学院,2021、2022,2023、2024,2
吉首大学张家界学院,2021、2022,2023、2024,2
济宁学院,2021、2022,2023、2024,2
冀中职业学院,2021、2022,2023、2024,2
嘉兴大学,2023、2024,2021、2022,2
嘉兴南湖学院,2023、2024,2021、2022,2
嘉兴学院,2021、2022,2023、2024,2
江汉艺术职业学院,2021、2022,2023、2024,2
江门职业技术学院,2021、2022,2023、2024,2
江苏财会职业学院,2021、2022,2023、2024,2
江苏财经职业技术学院,2021、2022,2023、2024,2
江苏城市职业学院,2021、2022,2023、2024,2
江苏海事职业技术学院,2021、2022,2023、2024,2
江苏航空职业技术学院,2021、2022,2023、2024,2
江苏护理职业学院,2021、2022,2023、2024,2
江苏建筑职业技术学院,2021、2022,2023、2024,2
江苏经贸职业技术学院,2021、2022,2023、2024,2
江苏警官学院,2021、2022,2023、2024,2
江苏农林职业技术学院,2021、2022,2023、2024,2
江苏农牧科技职业学院,2021、2022,2023、2024,2
江苏食品药品职业技术学院,2021、2022,2023、2024,2
江苏卫生健康职业学院,2021、2022,2023、2024,2
江苏医药职业学院,2021、2022,2023、2024,2
江西财经职业学院,2021、2022,2023、2024,2
江西电力职业技术学院,2021、2022,2023、2024,2
江西工程学院,2021、2024,2022、2023,2
江西工程职业学院,2021、2022,2023、2024,2
江西工业工程职业技术学院,2021、2022,2023、2024,2
江西工业贸易职业技术学院,2021、2022,2023、2024,2
江西洪州职业学院,2021、2022,2023、2024,2
江西环境工程职业学院,2021、2022,2023、2024,2
江西机电职业技术学院,2021、2022,2023、2024,2
江西交通职业技术学院,2021、2022,2023、2024,2
江西科技职业学院,2021、2022,2023、2024,2
江西旅游商贸职业学院,2021、2022,2023、2024,2
江西青年职业学院,2021、2022,2023、2024,2
江西生物科技职业学院,2021、2022,2023、2024,2
江西师范高等专科学校,2021、2022,2023、2024,2
江西司法警官职业学院,2021、2022,2023、2024,2
江西陶瓷工艺美术职业技术学院,2021、2022,2023、2024,2
江西外语外贸职业学院,2021、2022,2023、2024,2
江西信息应用职业技术学院,2021、2022,2023、2024,2
江西冶金职业技术学院,2021、2022,2023、2024,2
江西医学高等专科学校,2021、2022,2023、2024,2
江西应用工程职业学院,2021、2022,2023、2024,2
江西应用技术职业学院,2021、2022,2023、2024,2
江西制造职业技术学院,2021、2022,2023、2024,2
江西中医药高等专科学校,2021、2022,2023、2024,2
江阴职业技术学院,2021、2022,2023、2024,2
焦作大学,2021、2022,2023、2024,2
焦作师范高等专科学校,2021、2022,2023、2024,2
揭阳职业技术学院,2021、2022,2023、2024,2
金肯职业技术学院,2021、2022,2023、2024,2
荆州理工职业学院,2021、2022,2023、2024,2
荆州职业技术学院,2021、2022,2023、2024,2
九江职业大学,2021、2022,2023、2024,2
九江职业技术学院,2021、2022,2023、2024,2
九州职业技术学院,2021、2022,2023、2024,2
喀什大学,2023、2024,2021、2022,2
开封大学,2021、2022,2023、2024,2
昆明铁道职业技术学院,2021、2022,2023、2024,2
兰州博文科技学院,2023、2024,2021、2022,2
廊坊卫生职业学院,2021、2022,2023、2024,2
廊坊燕京职业技术学院,2021、2022,2023、2024,2
黎明职业大学,2021、2022,2023、2024,2
连云港师范高等专科学校,2021、2022,2023、2024,2
连云港职业技术学院,2021、2022,2023、2024,2
辽宁地质工程职业学院,2021、2022,2023、2024,2
辽宁机电职业技术学院,2021、2022,2023、2024,2
辽宁轻工职业学院,2021、2022,2023、2024,2
辽宁铁道职业技术学院,2021、2022,2023、2024,2
辽宁中医药大学,2023、2024,2021、2022,2
临汾职业技术学院,2021、2022,2023、2024,2
柳州城市职业学院,2021、2022,2023、2024,2
柳州铁道职业技术学院,2021、2022,2023、2024,2
柳州职业技术学院,2021、2022,2023、2024,2
娄底职业技术学院,2021、2022,2023、2024,2
罗定职业技术学院,2021、2022,2023、2024,2
漯河职业技术学院,2021、2022,2023、2024,2
马鞍山职业技术学院,2021、2022,2023、2024,2
茂名职业技术学院,2021、2022,2023、2024,2
绵阳飞行职业学院,2021、2022,2023、2024,2
绵阳职业技术学院,2021、2022,2023、2024,2
闽江师范高等专科学校,2021、2022,2023、2024,2
闽西职业技术学院,2021、2022,2023、2024,2
明达职业技术学院,2021、2022,2023、2024,2
牡丹江大学,2021、2022,2023、2024,2
牡丹江医科大学,2023、2024,2021、2022,2
牡丹江医学院,2021、2022,2023、2024,2
南京航空航天大学金城学院,2021、2024,2022、2023,2
南京机电职业技术学院,2021、2022,2023、2024,2
南京科技职业学院,2021、2022,2023、2024,2
南京旅游职业学院,2021、2022,2023、2024,2
南京铁道职业技术学院,2021、2022,2023、2024,2
南京信息职业技术学院,2021、2022,2023、2024,2
南宁师范大学师园学院,2021、2022,2023、2024,2
南通科技职业学院,2021、2022,2023、2024,2
南通职业大学,2021、2022,2023、2024,2
内江师范学院,2023、2024,2021、2022,2
内蒙古电子信息职业技术学院,2021、2022,2023、2024,2
宁波卫生职业技术学院,2021、2022,2023、2024,2
宁夏医科大学,2023、2024,2021、2022,2
萍乡卫生职业学院,2021、2022,2023、2024,2
齐齐哈尔高等师范专科学校,2021、2022,2023、2024,2
黔东南民族职业技术学院,2021、2022,2023、2024,2
黔南民族医学高等专科学校,2021、2022,2023、2024,2
青岛港湾职业技术学院,2021、2022,2023、2024,2
青岛酒店管理职业技术学院,2021、2022,2023、2024,2
清远职业技术学院,2021、2022,2023、2024,2
曲靖医学高等专科学校,2021、2022,2023、2024,2
泉州纺织服装职业学院,2021、2022,2023、2024,2
泉州海洋职业学院,2021、2022,2023、2024,2
泉州经贸职业技术学院,2021、2022,2023、2024,2
泉州轻工职业学院,2021、2022,2023、2024,2
日照职业技术学院,2021、2022,2023、2024,2
三峡电力职业学院,2021、2022,2023、2024,2
三亚城市职业学院,2021、2022,2023、2024,2
三亚航空旅游职业学院,2021、2022,2023、2024,2
三亚理工职业学院,2021、2022,2023、2024,2
厦门城市职业学院,2021、2022,2023、2024,2
厦门东海职业技术学院,2021、2022,2023、2024,2
厦门华天涉外职业技术学院,2021、2022,2023、2024,2
厦门南洋职业学院,2021、2022,2023、2024,2
厦门软件职业技术学院,2021、2022,2023、2024,2
厦门兴才职业技术学院,2021、2022,2023、2024,2
山东畜牧兽医职业学院,2021、2022,2023、2024,2
山东第二医科大学,2023、2024,2021、2022,2
山东航空学院,2023、2024,2021、2022,2
山东力明科技职业学院,2021、2022,2023、2024,2
山东外贸职业学院,2021、2022,2023、2024,2
山东职业学院,2021、2022,2023、2024,2
陕西交通职业技术学院,2021、2022,2023、2024,2
陕西警官职业学院,2021、2022,2023、2024,2
陕西青年职业学院,2021、2022,2023、2024,2
陕西铁路工程职业技术学院,2021、2022,2023、2024,2
汕头职业技术学院,2021、2022,2023、2024,2
汕尾职业技术学院,2021、2022,2023、2024,2
商丘工学院,2023、2024,2021、2022,2
上海邦德职业技术学院,2021、2022,2023、2024,2
上海城建职业学院,2021、2022,2023、2024,2
上海出版印刷高等专科学校,2021、2022,2023、2024,2
上海电子信息职业技术学院,2021、2022,2023、2024,2
上海东海职业技术学院,2021、2022,2023、2024,2
上海工商外国语职业学院,2021、2022,2023、2024,2
上海工商职业技术学院,2021、2022,2023、2024,2
上海工艺美术职业学院,2021、2022,2023、2024,2
上海济光职业技术学院,2021、2022,2023、2024,2
上海科学技术职业学院,2021、2022,2023、2024,2
上海旅游高等专科学校,2021、2022,2023、2024,2
上海民航职业技术学院,2021、2022,2023、2024,2
上海农林职业技术学院,2021、2022,2023、2024,2
上海思博职业技术学院,2021、2022,2023、2024,2
上海体育大学,2023、2024,2021、2022,2
上海体育学院,2021、2022,2023、2024,2
上海行健职业学院,2021、2022,2023、2024,2
上海震旦职业学院,2021、2022,2023、2024,2
上饶职业技术学院,2021、2022,2023、2024,2
邵阳职业技术学院,2021、2022,2023、2024,2
深圳信息职业技术学院,2021、2022,2023、2024,2
深圳职业技术大学,2023、2024,2021、2022,2
深圳职业技术学院,2021、2022,2023、2024,2
沈阳工学院,2023、2024,2021、2022,2
石家庄城市经济职业学院,2021、2022,2023、2024,2
石家庄科技信息职业学院,2021、2022,2023、2024,2
石家庄理工职业学院,2021、2022,2023、2024,2
石家庄人民医学高等专科学校,2021、2022,2023、2024,2
石家庄铁路职业技术学院,2021、2022,2023、2024,2
石家庄信息工程职业学院,2021、2022,2023、2024,2
石家庄医学高等专科学校,2021、2022,2023、2024,2
石家庄邮电职业技术学院,2021、2022,2023、2024,2
石家庄幼儿师范高等专科学校,2021、2022,2023、2024,2
石家庄职业技术学院,2021、2022,2023、2024,2
首都师范大学,2023、2024,2021、2022,2
首都体育学院,2023、2024,2021、2022,2
顺德职业技术学院,2021、2022,2023、2024,2
私立华联学院,2021、2022,2023、2024,2
四川传媒学院,2021、2024,2022、2023,2
四川工程职业技术学院,2021、2022,2023、2024,2
四川国际标榜职业学院,2021、2022,2023、2024,2
四川建筑职业技术学院,2021、2022,2023、2024,2
四川交通职业技术学院,2021、2022,2023、2024,2
四川旅游学院,2023、2024,2021、2022,2
四川外国语大学成都学院,2021、2022,2023、2024,2
四川西南航空职业学院,2021、2022,2023、2024,2
四川长江职业学院,2021、2022,2023、2024,2
四川中医药高等专科学校,2021、2022,2023、2024,2
苏州百年职业学院,2021、2022,2023、2024,2
苏州工业园区服务外包职业学院,2021、2022,2023、2024,2
苏州工业园区职业技术学院,2021、2022,2023、2024,2
苏州工业职业技术学院,2021、2022,2023、2024,2
苏州农业职业技术学院,2021、2022,2023、2024,2
苏州市职业大学,2021、2022,2023、2024,2
苏州卫生职业技术学院,2021、2022,2023、2024,2
宿迁学院,2023、2024,2021、2022,2
宿迁职业技术学院,2021、2022,2023、2024,2
随州职业技术学院,2021、2022,2023、2024,2
台州科技职业学院,2021、2022,2023、2024,2
太湖创意职业技术学院,2021、2022,2023、2024,2
泰州职业技术学院,2021、2022,2023、2024,2
唐山职业技术学院,2021、2022,2023、2024,2
天津滨海职业学院,2021、2022,2023、2024,2
天津城市职业学院,2021、2022,2023、2024,2
天津电子信息职业技术学院,2021、2022,2023、2024,2
天津国土资源和房屋职业学院,2021、2022,2023、2024,2
天津交通职业学院,2021、2022,2023、2024,2
天津轻工职业技术学院,2021、2022,2023、2024,2
天津商务职业学院,2021、2022,2023、2024,2
天津生物工程职业技术学院,2021、2022,2023、2024,2
天津市职业大学,2021、2022,2023、2024,2
天津铁道职业技术学院,2021、2022,2023、2024,2
天津现代职业技术学院,2021、2022,2023、2024,2
铁岭卫生职业学院,2021、2022,2023、2024,2
铜仁职业技术学院,2021、2022,2023、2024,2
潍坊医学院,2021、2022,2023、2024,2
温州大学,2023、2024,2021、2022,2
无锡城市职业技术学院,2021、2022,2023、2024,2
无锡工艺职业技术学院,2021、2022,2023、2024,2
梧州职业学院,2021、2022,2023、2024,2
武昌职业学院,2021、2022,2023、2024,2
武汉城市职业学院,2021、2022,2023、2024,2
武汉传媒学院,2023、2024,2021、2022,2
武汉船舶职业技术学院,2021、2022,2023、2024,2
武汉电力职业技术学院,2021、2022,2023、2024,2
武汉交通职业学院,2021、2022,2023、2024,2
武汉警官职业学院,2021、2022,2023、2024,2
武汉民政职业学院,2021、2022,2023、2024,2
武汉软件工程职业学院,2021、2022,2023、2024,2
武汉商贸职业学院,2021、2022,2023、2024,2
武汉铁路桥梁职业学院,2021、2022,2023、2024,2
武汉铁路职业技术学院,2021、2022,2023、2024,2
武汉外语外事职业学院,2021、2022,2023、2024,2
武汉职业技术学院,2021、2022,2023、2024,2
西安翻译学院,2021、2024,2022、2023,2
西安高新科技职业学院,2021、2022,2023、2024,2
西安工商学院,2023、2024,2021、2022,2
西安航空职业技术学院,2021、2022,2023、2024,2
西安交通工程学院,2021、2022,2023、2024,2
西安美术学院,2021、2024,2022、2023,2
西安汽车职业大学,2021、2022,2023、2024,2
西昌学院,2023、2024,2021、2022,2
西双版纳职业技术学院,2021、2022,2023、2024,2
仙桃职业学院,2021、2022,2023、2024,2
咸宁职业技术学院,2021、2022,2023、2024,2
香港珠海学院,2023、2024,2021、2022,2
湘南幼儿师范高等专科学校,2021、2022,2023、2024,2
湘潭医卫职业技术学院,2021、2022,2023、2024,2
湘西民族职业技术学院,2021、2022,2023、2024,2
湘中幼儿师范高等专科学校,2021、2022,2023、2024,2
襄阳职业技术学院,2021、2022,2023、2024,2
新疆政法学院,2023、2024,2021、2022,2
信阳职业技术学院,2021、2022,2023、2024,2
邢台医学高等专科学校,2021、2022,2023、2024,2
徐州生物工程职业技术学院,2021、2022,2023、2024,2
宣城职业技术学院,2021、2022,2023、2024,2
雅安职业技术学院,2021、2022,2023、2024,2
盐城工业职业技术学院,2021、2022,2023、2024,2
燕京理工学院,2021、2022,2023、2024,2
扬州工业职业技术学院,2021、2022,2023、2024,2
扬州中瑞酒店职业学院,2021、2022,2023、2024,2
阳江职业技术学院,2021、2022,2023、2024,2
伊犁师范大学,2023、2024,2021、2022,2
宜春职业技术学院,2021、2022,2023、2024,2
益阳医学高等专科学校,2021、2022,2023、2024,2
永城职业学院,2021、2022,2023、2024,2
永州师范高等专科学校,2021、2022,2023、2024,2
永州职业技术学院,2021、2022,2023、2024,2
玉溪农业职业技术学院,2021、2022,2023、2024,2
岳阳职业技术学院,2021、2022,2023、2024,2
云南大学滇池学院,2021、2022,2023、2024,2
云南国土资源职业学院,2021、2022,2023、2024,2
云南林业职业技术学院,2021、2022,2023、2024,2
云南医药健康职业学院,2021、2022,2023、2024,2
云南艺术学院,2023、2024,2021、2022,2
运城职业技术大学,2023、2024,2021、2022,2
枣庄科技职业学院,2021、2022,2023、2024,2
湛江幼儿师范专科学校,2021、2022,2023、2024,2
张家界航空工业职业技术学院,2021、2022,2023、2024,2
张家界学院,2023、2024,2021、2022,2
张家口职业技术学院,2021、2022,2023、2024,2
漳州城市职业学院,2021、2022,2023、2024,2
漳州科技职业学院,2021、2022,2023、2024,2
漳州理工职业学院,2021、2022,2023、2024,2
漳州卫生职业学院,2021、2022,2023、2024,2
漳州职业技术学院,2021、2022,2023、2024,2
长春金融高等专科学校,2021、2022,2023、2024,2
长春汽车工业高等专科学校,2021、2022,2023、2024,2
长春医学高等专科学校,2021、2022,2023、2024,2
长江工程职业技术学院,2021、2022,2023、2024,2
长江职业学院,2021、2022,2023、2024,2
长沙电力职业技术学院,2021、2022,2023、2024,2
长沙环境保护职业技术学院,2021、2022,2023、2024,2
长沙民政职业技术学院,2021、2022,2023、2024,2
长沙商贸旅游职业技术学院,2021、2022,2023、2024,2
长沙卫生职业学院,2021、2022,2023、2024,2
长沙职业技术学院,2021、2022,2023、2024,2
肇庆医学高等专科学校,2021、2022,2023、2024,2
浙江金融职业学院,2021、2022,2023、2024,2
浙江经济职业技术学院,2021、2022,2023、2024,2
浙江科技大学,2023、2024,2021、2022,2
浙江科技学院,2021、2022,2023、2024,2
浙江商业职业技术学院,2021、2022,2023、2024,2
浙江同济科技职业学院,2021、2022,2023、2024,2
浙江邮电职业技术学院,2021、2022,2023、2024,2
浙江中医药大学,2023、2024,2021、2022,2
镇江市高等专科学校,2021、2022,2023、2024,2
郑州电力高等专科学校,2021、2022,2023、2024,2
郑州澍青医学高等专科学校,2021、2022,2023、2024,2
郑州西亚斯学院,2023、2024,2021、2022,2
中山火炬职业技术学院,2021、2022,2023、2024,2
中山职业技术学院,2021、2022,2023、2024,2
中央美术学院,2023、2024,2021、2022,2
珠海城市职业技术学院,2021、2022,2023、2024,2
珠海艺术职业学院,2021、2022,2023、2024,2
遵义医药高等专科学校,2021、2022,2023、2024,2
遵义职业技术学院,2021、2022,2023、2024,2
北京第二外国语学院中瑞酒店管理学院,2021、2022、2024,2023,1
北京理工大学珠海学院,2021、2022、2023,2024,1
广西农业职业技术大学,2021、2023、2024,2022,1
贵阳康养职业大学,2021、2023、2024,2022,1
海南科技职业大学,2021、2022、2024,2023,1
河北科技工程职业技术大学,2021、2023、2024,2022,1
河北石油职业技术大学,2021、2023、2024,2022,1
河池学院,2022、2023、2024,2021,1
湖北商贸学院,2022、2023、2024,2021,1
江西应用科技学院,2022、2023、2024,2021,1
兰州石化职业技术大学,2021、2023、2024,2022,1
兰州资源环境职业技术大学,2021、2023、2024,2022,1
陆军工程大学,2022、2023、2024,2021,1
南宁理工学院,2021、2023、2024,2022,1
山西科技学院,2022、2023、2024,2021,1
上海海关学院,2022、2023、2024,2021,1
上海音乐学院,2022、2023、2024,2021,1
深圳北理莫斯科大学,2022、2023、2024,2021,1
沈阳音乐学院,2022、2023、2024,2021,1
武汉东湖学院,2021、2022、2024,2023,1
西交利物浦大学,2022、2023、2024,2021,1
西南财经大学特拉华数据科学学院,2021、2022、2023,2024,1
湘潭大学兴湘学院,2021、2022、2023,2024,1
信阳师范大学,2022、2023、2024,2021,1
云南农业大学,2022、2023、2024,2021,1
郑州工业应用技术学院,2021、2023、2024,2022,1
中国矿业大学,2021、2022、2023,2024,1
中国人民解放军陆军军医大学,2022、2023、2024,2021,1
遵义师范学院,2022、2023、2024,2021,1